Workbook

Sheet Hoja1
A1: CUENTA MAYOR | B1: CUENTA | C1: EMPRESA | D1: BANCO | E1: Responsable
A2: 11100591 | B2: AVVILLAS4910 | C2: CA | D2: AVVILLAS | E2: Cartera
A3: 11100501 | B3: BANCOLOMBIA0616 | C3: CA | D3: BANCOLOMBIA | E3: Consignaciones/Cartera
A4: 11100511 | B4: BANCOLOMBIA6774 | C4: CA | D4: BANCOLOMBIA | E4: Consignaciones/Cartera
A5: 11100571 | B5: BBVA1730 | C5: CA | D5: BBVA | E5: Cartera
A6: 11100581 | B6: BCSC5337 | C6: CA | D6: BCSC | E6: Cartera
A7: 11200511 | B7: DAVIVIENDA6100 | C7: CA | D7: DAVIVIENDA | E7: Datafonos
A8: 11100541 | B8: DAVIVIENDA8744 | C8: CA | D8: DAVIVIENDA | E8: Consignaciones
A9: 12450201 | B9: FSUDAMERIS3050 | C9: CA | D9: FSUDAMERIS | E9: Cartera
A10: 11100531 | B10: ITAU3956 | C10: CA | D10: ITAU | E10: Cartera
A11: 11200501 | B11: ITAU7884 | C11: CA | D11: ITAU | E11: Cartera
A12: 11100561 | B12: OCCIDENTE0826 | C12: CA | D12: OCCIDENTE | E12: Cartera
A13: 11100521 | B13: POPULAR3167 | C13: CA | D13: POPULAR | E13: Cartera
... A15: 11200601 | B15: FIDU DAVIVIENDA | C15: CA | D15: FIDU DAVIVIENDA | E15: Datafonos
A16: 11100501 | B16: =VLOOKUP(A16,Hoja1!$A:$E,2,0) -> BANCOLOMBIA0616 | C16: =VLOOKUP(A16,Hoja1!$A:$E,3,0) -> CA | D16: =VLOOKUP(A16,Hoja1!$A:$E,4,0) -> BANCOLOMBIA | E16: =VLOOKUP(A16,Hoja1!$A:$E,5,0) -> Consignaciones/Cartera
A17: 11100511 | B17: =VLOOKUP(A17,Hoja1!$A:$E,2,0) -> BANCOLOMBIA6774 | C17: =VLOOKUP(A17,Hoja1!$A:$E,3,0) -> CA | D17: =VLOOKUP(A17,Hoja1!$A:$E,4,0) -> BANCOLOMBIA | E17: =VLOOKUP(A17,Hoja1!$A:$E,5,0) -> Consignaciones/Cartera
A18: 11100531 | B18: =VLOOKUP(A18,Hoja1!$A:$E,2,0) -> ITAU3956 | C18: =VLOOKUP(A18,Hoja1!$A:$E,3,0) -> CA | D18: =VLOOKUP(A18,Hoja1!$A:$E,4,0) -> ITAU | E18: =VLOOKUP(A18,Hoja1!$A:$E,5,0) -> Cartera
A19: 11100541 | B19: =VLOOKUP(A19,Hoja1!$A:$E,2,0) -> DAVIVIENDA8744 | C19: =VLOOKUP(A19,Hoja1!$A:$E,3,0) -> CA | D19: =VLOOKUP(A19,Hoja1!$A:$E,4,0) -> DAVIVIENDA | E19: =VLOOKUP(A19,Hoja1!$A:$E,5,0) -> Consignaciones
A20: 11100571 | B20: =VLOOKUP(A20,Hoja1!$A:$E,2,0) -> BBVA1730 | C20: =VLOOKUP(A20,Hoja1!$A:$E,3,0) -> CA | D20: =VLOOKUP(A20,Hoja1!$A:$E,4,0) -> BBVA | E20: =VLOOKUP(A20,Hoja1!$A:$E,5,0) -> Cartera
A21: 11200511 | B21: =VLOOKUP(A21,Hoja1!$A:$E,2,0) -> DAVIVIENDA6100 | C21: =VLOOKUP(A21,Hoja1!$A:$E,3,0) -> CA | D21: =VLOOKUP(A21,Hoja1!$A:$E,4,0) -> DAVIVIENDA | E21: =VLOOKUP(A21,Hoja1!$A:$E,5,0) -> Datafonos
